{
  "properties": {
    "connectionReferences": {
      "shared_sharepointonline": {
        "runtimeSource": "embedded",
        "connection": {},
        "api": {
          "name": "shared_sharepointonline"
        }
      },
      "shared_office365": {
        "runtimeSource": "embedded",
        "connection": {},
        "api": {
          "name": "shared_office365"
        }
      }
    },
    "definition": {
      "$schema": "https://schema.management.azure.com/providers/Microsoft.Logic/schemas/2016-06-01/workflowdefinition.json#",
      "contentVersion": "1.0.0.0",
      "parameters": {
        "$connections": {
          "defaultValue": {},
          "type": "Object"
        },
        "$authentication": {
          "defaultValue": {},
          "type": "SecureObject"
        }
      },
      "triggers": {
        "Recurrence": {
          "recurrence": {
            "frequency": "Day",
            "interval": 1,
            "startTime": "2023-01-27T09:00:00Z"
          },
          "metadata": {
            "operationMetadataId": "0e31a17f-93fc-4308-a562-73aa4a3defbb"
          },
          "type": "Recurrence"
        }
      },
      "actions": {
        "Get_items": {
          "runAfter": {},
          "metadata": {
            "operationMetadataId": "1e57730f-7633-4c49-90a2-db583427b7f1"
          },
          "type": "OpenApiConnection",
          "inputs": {
            "host": {
              "apiId": "/providers/Microsoft.PowerApps/apis/shared_sharepointonline",
              "connectionName": "shared_sharepointonline",
              "operationId": "GetItems"
            },
            "parameters": {
              "dataset": "https://enguniben.sharepoint.com/sites/UdemyClass",
              "table": "792b6ce3-0ada-4c1b-ad71-0225c361c9ff",
              "$filter": "field_3 eq '@{formatDateTime(utcNow(),'dd')}' and field_4 eq '@{formatDateTime(utcNow(),'MM')}'"
            },
            "authentication": "@parameters('$authentication')"
          }
        },
        "Get_file_content": {
          "runAfter": {
            "Get_items": [
              "Succeeded"
            ]
          },
          "metadata": {
            "%252fShared%2bDocuments%252fCourse%2bResources%252fUse%2bCase%2b2%2b-%2bBirthday%2bAutomation%252fbirthday%2bheader.png": "/Shared Documents/Course Resources/Use Case 2 - Birthday Automation/birthday header.png",
            "operationMetadataId": "d38f1220-6f3c-4316-aa73-e745d012e275"
          },
          "type": "OpenApiConnection",
          "inputs": {
            "host": {
              "apiId": "/providers/Microsoft.PowerApps/apis/shared_sharepointonline",
              "connectionName": "shared_sharepointonline",
              "operationId": "GetFileContent"
            },
            "parameters": {
              "dataset": "https://enguniben.sharepoint.com/sites/UdemyClass",
              "id": "%252fShared%2bDocuments%252fCourse%2bResources%252fUse%2bCase%2b2%2b-%2bBirthday%2bAutomation%252fbirthday%2bheader.png",
              "inferContentType": true
            },
            "authentication": "@parameters('$authentication')"
          }
        },
        "Initialize_variable": {
          "runAfter": {
            "Get_file_content": [
              "Succeeded"
            ]
          },
          "metadata": {
            "operationMetadataId": "8f5ef230-d854-4cb1-91e0-a8a03b8813b9"
          },
          "type": "InitializeVariable",
          "inputs": {
            "variables": [
              {
                "name": "Birthday Image",
                "type": "string",
                "value": "<img src=\"data:image/jpeg;base64,@{outputs('Get_file_content')?['body'].$content}\" alt=\"My Image\" />"
              }
            ]
          }
        },
        "Apply_to_each": {
          "foreach": "@outputs('Get_items')?['body/value']",
          "actions": {
            "Send_an_email_(V2)": {
              "runAfter": {},
              "metadata": {
                "operationMetadataId": "b8e04d6c-a752-4cb2-9537-9fc234d70b9c"
              },
              "type": "OpenApiConnection",
              "inputs": {
                "host": {
                  "apiId": "/providers/Microsoft.PowerApps/apis/shared_office365",
                  "connectionName": "shared_office365",
                  "operationId": "SendEmailV2"
                },
                "parameters": {
                  "emailMessage/To": "@items('Apply_to_each')?['field_2']",
                  "emailMessage/Subject": "Happy Birthday @{items('Apply_to_each')?['field_1']}",
                  "emailMessage/Body": "<p>Dear @{items('Apply_to_each')?['field_1']},<br>\n@{variables('Birthday Image')},<br>\nBest Regards.</p>",
                  "emailMessage/Importance": "High"
                },
                "authentication": "@parameters('$authentication')"
              }
            }
          },
          "runAfter": {
            "Initialize_variable": [
              "Succeeded"
            ]
          },
          "metadata": {
            "operationMetadataId": "79147c50-b045-461b-8a2c-69db4546f60a"
          },
          "type": "Foreach"
        }
      }
    },
    "templateName": null
  },
  "schemaVersion": "1.0.0.0"
}